{
  "operacion": "Obtener Reporte Por ID",
  "timestamp": "19/08/2025 10:24:50",
  "parametros": [id=99999],
  "statusCode": 404,
  "statusLine": "HTTP/1.1 404 Not Found",
  "headers": {
    "Date": "Tue, 19 Aug 2025 14:24:50 GMT",
    "Content-Type": "application/json; charset=utf-8",
    "Transfer-Encoding": "chunked",
    "Connection": "keep-alive",
    "Access-Control-Allow-Origin": "*",
    "Etag": "W/"2f-G103fHNBKhGWErLBkLpyXDmxfo4"",
    "Server": "cloudflare",
    "Strict-Transport-Security": "max-age=15552000; includeSubDomains",
    "Vary": "Accept-Encoding",
    "X-Content-Type-Options": "nosniff",
    "X-Dns-Prefetch-Control": "off",
    "X-Download-Options": "noopen",
    "X-Frame-Options": "SAMEORIGIN",
    "X-Powered-By": "Cats on Keyboards",
    "X-Railway-Edge": "railway/us-east4-eqdc4a",
    "X-Railway-Request-Id": "IcQpUe2hTzqMGwQzAax-fw",
    "X-Ratelimit-Limit": "100",
    "X-Ratelimit-Remaining": "99",
    "X-Ratelimit-Reset": "1755613500",
    "X-Xss-Protection": "1; mode=block",
    "Cf-Cache-Status": "DYNAMIC",
    "Nel": "{"report_to":"cf-nel","success_fraction":0.0,"max_age":604800}",
    "Report-To": "{"group":"cf-nel","max_age":604800,"endpoints":[{"url":"https://a.nel.cloudflare.com/report/v4?s=%2BQNAqwqx%2FD2wYl5rqJp%2BsIqxrYmU0SDwhOVLFSubNJvKFpJMmstGJ%2BwW5UvVDMhOdt5MVtVjzDrlfC%2BVZC3GjBsydLm65BgWBSZw"}]}",
    "Content-Encoding": "gzip",
    "CF-RAY": "971a5115d96e3580-EZE",
    "alt-svc": "h3=":443"; ma=86400",
  },
  "responseTime": 910,
  "responseBody": {"message":"Product with id '99999' not found"}
}