{
  "operacion": "Buscar Reportes",
  "timestamp": "19/08/2025 11:21:45",
  "parametros": [busqueda=health],
  "statusCode": 200,
  "statusLine": "HTTP/1.1 200 OK",
  "headers": {
    "Date": "Tue, 19 Aug 2025 15:21:45 GMT",
    "Content-Type": "application/json; charset=utf-8",
    "Transfer-Encoding": "chunked",
    "Connection": "keep-alive",
    "Access-Control-Allow-Origin": "*",
    "Report-To": "{"group":"cf-nel","max_age":604800,"endpoints":[{"url":"https://a.nel.cloudflare.com/report/v4?s=I3QxDNYLKqcFImhdGtvQ%2FljmFQZ1nK2QD0SRKUz9pYAX6Ro5XJnZLTuzeivp6p7gxbulGinkOnyEqD7hakQOdNAyo%2BNWrq2UVWS0QU8%3D"}]}",
    "Etag": "W/"6ea-QVaNrVwptpt1cqM2SAWFfPFzsqU"",
    "Server": "cloudflare",
    "Strict-Transport-Security": "max-age=15552000; includeSubDomains",
    "Vary": "Accept-Encoding",
    "X-Content-Type-Options": "nosniff",
    "X-Dns-Prefetch-Control": "off",
    "X-Download-Options": "noopen",
    "X-Frame-Options": "SAMEORIGIN",
    "X-Powered-By": "Cats on Keyboards",
    "X-Railway-Edge": "railway/us-east4-eqdc4a",
    "X-Railway-Request-Id": "gESrnqO-ShWvH71cPvyhXg",
    "X-Ratelimit-Limit": "100",
    "X-Ratelimit-Remaining": "98",
    "X-Ratelimit-Reset": "1755616911",
    "X-Xss-Protection": "1; mode=block",
    "Cf-Cache-Status": "DYNAMIC",
    "Nel": "{"report_to":"cf-nel","success_fraction":0.0,"max_age":604800}",
    "Content-Encoding": "gzip",
    "CF-RAY": "971aa478cb18758b-EZE",
    "alt-svc": "h3=":443"; ma=86400",
  },
  "responseTime": 502,
  "responseBody": {"products":[{"id":120,"title":"Vaseline Men Body and Face Lotion","description":"Vaseline Men Body and Face Lotion is a specially formulated lotion designed to provide long-lasting moisture to men's skin. It absorbs quickly and helps keep the skin hydrated and healthy.","category":"skin-care","price":9.99,"discountPercentage":13.39,"rating":3.16,"stock":95,"tags":["personal care","body lotion"],"brand":"Vaseline","sku":"SKI-VAS-VAS-120","weight":4,"dimensions":{"width":21.83,"height":17.38,"depth":24.76},"warrantyInformation":"Lifetime warranty","shippingInformation":"Ships overnight","availabilityStatus":"In Stock","reviews":[{"rating":4,"comment":"Excellent quality!","date":"2025-04-30T09:41:02.054Z","reviewerName":"Aria Ferguson","reviewerEmail":"aria.ferguson@x.dummyjson.com"},{"rating":5,"comment":"Very pleased!","date":"2025-04-30T09:41:02.054Z","reviewerName":"Nova Cooper","reviewerEmail":"nova.cooper@x.dummyjson.com"},{"rating":4,"comment":"Great product!","date":"2025-04-30T09:41:02.054Z","reviewerName":"Madison Collins","reviewerEmail":"madison.collins@x.dummyjson.com"}],"returnPolicy":"90 days return policy","minimumOrderQuantity":9,"meta":{"createdAt":"2025-04-30T09:41:02.054Z","updatedAt":"2025-04-30T09:41:02.054Z","barcode":"8483207319090","qrCode":"https://cdn.dummyjson.com/public/qr-code.png"},"images":["https://cdn.dummyjson.com/product-images/skin-care/vaseline-men-body-and-face-lotion/1.webp","https://cdn.dummyjson.com/product-images/skin-care/vaseline-men-body-and-face-lotion/2.webp","https://cdn.dummyjson.com/product-images/skin-care/vaseline-men-body-and-face-lotion/3.webp"],"thumbnail":"https://cdn.dummyjson.com/product-images/skin-care/vaseline-men-body-and-face-lotion/thumbnail.webp"}],"total":1,"skip":0,"limit":1}
}