{
  "operacion": "Obtener Categorias Reportes",
  "timestamp": "19/08/2025 11:21:51",
  "parametros": [],
  "statusCode": 200,
  "statusLine": "HTTP/1.1 200 OK",
  "headers": {
    "Date": "Tue, 19 Aug 2025 15:21:51 GMT",
    "Content-Type": "application/json; charset=utf-8",
    "Transfer-Encoding": "chunked",
    "Connection": "keep-alive",
    "Access-Control-Allow-Origin": "*",
    "Report-To": "{"group":"cf-nel","max_age":604800,"endpoints":[{"url":"https://a.nel.cloudflare.com/report/v4?s=RTK%2BFj3xfGTmpaS6iXoKZjuGIt%2B4hwlPRqug2MCB1il07KRkceViXiJ%2F6q4QsEOSzILmolg21nyBm%2BChnJDFCdtZaQRwuV6UiFMS"}]}",
    "Etag": "W/"9d0-QmRzWSDU7v9xEumlsVypMgUm22A"",
    "Server": "cloudflare",
    "Strict-Transport-Security": "max-age=15552000; includeSubDomains",
    "Vary": "Accept-Encoding",
    "X-Content-Type-Options": "nosniff",
    "X-Dns-Prefetch-Control": "off",
    "X-Download-Options": "noopen",
    "X-Frame-Options": "SAMEORIGIN",
    "X-Powered-By": "Cats on Keyboards",
    "X-Railway-Edge": "railway/us-east4-eqdc4a",
    "X-Railway-Request-Id": "eAHry2JQTKWAIwdVBT7zVQ",
    "X-Ratelimit-Limit": "100",
    "X-Ratelimit-Remaining": "99",
    "X-Ratelimit-Reset": "1755616921",
    "X-Xss-Protection": "1; mode=block",
    "Cf-Cache-Status": "DYNAMIC",
    "Nel": "{"report_to":"cf-nel","success_fraction":0.0,"max_age":604800}",
    "Content-Encoding": "gzip",
    "CF-RAY": "971aa49c5eb9b861-EZE",
    "alt-svc": "h3=":443"; ma=86400",
  },
  "responseTime": 495,
  "responseBody": [{"slug":"beauty","name":"Beauty","url":"https://dummyjson.com/products/category/beauty"},{"slug":"fragrances","name":"Fragrances","url":"https://dummyjson.com/products/category/fragrances"},{"slug":"furniture","name":"Furniture","url":"https://dummyjson.com/products/category/furniture"},{"slug":"groceries","name":"Groceries","url":"https://dummyjson.com/products/category/groceries"},{"slug":"home-decoration","name":"Home Decoration","url":"https://dummyjson.com/products/category/home-decoration"},{"slug":"kitchen-accessories","name":"Kitchen Accessories","url":"https://dummyjson.com/products/category/kitchen-accessories"},{"slug":"laptops","name":"Laptops","url":"https://dummyjson.com/products/category/laptops"},{"slug":"mens-shirts","name":"Mens Shirts","url":"https://dummyjson.com/products/category/mens-shirts"},{"slug":"mens-shoes","name":"Mens Shoes","url":"https://dummyjson.com/products/category/mens-shoes"},{"slug":"mens-watches","name":"Mens Watches","url":"https://dummyjson.com/products/category/mens-watches"},{"slug":"mobile-accessories","name":"Mobile Accessories","url":"https://dummyjson.com/products/category/mobile-accessories"},{"slug":"motorcycle","name":"Motorcycle","url":"https://dummyjson.com/products/category/motorcycle"},{"slug":"skin-care","name":"Skin Care","url":"https://dummyjson.com/products/category/skin-care"},{"slug":"smartphones","name":"Smartphones","url":"https://dummyjson.com/products/category/smartphones"},{"slug":"sports-accessories","name":"Sports Accessories","url":"https://dummyjson.com/products/category/sports-accessories"},{"slug":"sunglasses","name":"Sunglasses","url":"https://dummyjson.com/products/category/sunglasses"},{"slug":"tablets","name":"Tablets","url":"https://dummyjson.com/products/category/tablets"},{"slug":"tops","name":"Tops","url":"https://dummyjson.com/products/category/tops"},{"slug":"vehicle","name":"Vehicle","url":"https://dummyjson.com/products/category/vehicle"},{"slug":"womens-bags","name":"Womens Bags","url":"https://dummyjson.com/products/category/womens-bags"},{"slug":"womens-dresses","name":"Womens Dresses","url":"https://dummyjson.com/products/category/womens-dresses"},{"slug":"womens-jewellery","name":"Womens Jewellery","url":"https://dummyjson.com/products/category/womens-jewellery"},{"slug":"womens-shoes","name":"Womens Shoes","url":"https://dummyjson.com/products/category/womens-shoes"},{"slug":"womens-watches","name":"Womens Watches","url":"https://dummyjson.com/products/category/womens-watches"}]
}