{
  "operacion": "Generar Reporte Laboratorio",
  "timestamp": "19/08/2025 10:25:33",
  "parametros": [paciente=Juan Carlos González, examen=Hemograma Completo],
  "statusCode": 201,
  "statusLine": "HTTP/1.1 201 Created",
  "headers": {
    "Date": "Tue, 19 Aug 2025 14:25:32 GMT",
    "Content-Type": "application/json; charset=utf-8",
    "Content-Length": "214",
    "Connection": "keep-alive",
    "Access-Control-Allow-Origin": "*",
    "Etag": "W/"d6-qiOc/gXF8eGhqDKzEDYwQoSMGz8"",
    "Server": "cloudflare",
    "Strict-Transport-Security": "max-age=15552000; includeSubDomains",
    "Vary": "Accept-Encoding",
    "X-Content-Type-Options": "nosniff",
    "X-Dns-Prefetch-Control": "off",
    "X-Download-Options": "noopen",
    "X-Frame-Options": "SAMEORIGIN",
    "X-Powered-By": "Cats on Keyboards",
    "X-Railway-Edge": "railway/us-east4-eqdc4a",
    "X-Railway-Request-Id": "jyrUHxMOTYWbkLHng4a9AQ",
    "X-Ratelimit-Limit": "100",
    "X-Ratelimit-Remaining": "98",
    "X-Ratelimit-Reset": "1755613540",
    "X-Xss-Protection": "1; mode=block",
    "Cf-Cache-Status": "DYNAMIC",
    "Nel": "{"report_to":"cf-nel","success_fraction":0.0,"max_age":604800}",
    "Report-To": "{"group":"cf-nel","max_age":604800,"endpoints":[{"url":"https://a.nel.cloudflare.com/report/v4?s=ekwbffQq7sUIVjsyNiATmqrltlFhkD8WI0j5YIrYZDUOv9RpPid%2BSqdXmazhPToxqWOicZ5p%2FJZudhnXfBaNla%2B3trgZIikQ2XuN"}]}",
    "CF-RAY": "971a521c8f9ff5d6-EZE",
    "alt-svc": "h3=":443"; ma=86400",
  },
  "responseTime": 1382,
  "responseBody": {"id":195,"title":"Reporte Laboratorio - Juan Carlos González","price":0,"description":"Resultados de Hemograma Completo para paciente Juan Carlos González","brand":"Laboratorio MediPlus","category":"laboratory"}
}