{
  "operacion": "Generar Reporte Mensual",
  "timestamp": "19/08/2025 11:21:48",
  "parametros": [periodo=08/2025],
  "statusCode": 201,
  "statusLine": "HTTP/1.1 201 Created",
  "headers": {
    "Date": "Tue, 19 Aug 2025 15:21:48 GMT",
    "Content-Type": "application/json; charset=utf-8",
    "Content-Length": "166",
    "Connection": "keep-alive",
    "Access-Control-Allow-Origin": "*",
    "Etag": "W/"a6-stDGRZ6Hi2av79UnaC8+8XDcm74"",
    "Server": "cloudflare",
    "Strict-Transport-Security": "max-age=15552000; includeSubDomains",
    "Vary": "Accept-Encoding",
    "X-Content-Type-Options": "nosniff",
    "X-Dns-Prefetch-Control": "off",
    "X-Download-Options": "noopen",
    "X-Frame-Options": "SAMEORIGIN",
    "X-Powered-By": "Cats on Keyboards",
    "X-Railway-Edge": "railway/us-east4-eqdc4a",
    "X-Railway-Request-Id": "sgwXW11JTJKukCpIAax-fw",
    "X-Ratelimit-Limit": "100",
    "X-Ratelimit-Remaining": "98",
    "X-Ratelimit-Reset": "1755616911",
    "X-Xss-Protection": "1; mode=block",
    "Cf-Cache-Status": "DYNAMIC",
    "Nel": "{"report_to":"cf-nel","success_fraction":0.0,"max_age":604800}",
    "Report-To": "{"group":"cf-nel","max_age":604800,"endpoints":[{"url":"https://a.nel.cloudflare.com/report/v4?s=OHWE6lO5Og%2B7MCuZTNH4x8dll9guMByKmZN6%2F8JpAQV7oSffmXZvtwZFpY2ubvFgHz%2Fsq7p8bVbeJnpiPTzKBkBSq5R4Kql46l8U"}]}",
    "CF-RAY": "971aa48aa9c03012-EZE",
    "alt-svc": "h3=":443"; ma=86400",
  },
  "responseTime": 503,
  "responseBody": {"id":195,"title":"Reporte Mensual 08/2025","price":0,"description":"Estadísticas mensuales de actividad médica","brand":"Sistema MediPlus","category":"statistics"}
}