nombre,apellido,email,telefono
Carlos,González,carlos.gonzalez@mediplus.test,+56987654321
María,Rodríguez,maria.rodriguez@mediplus.test,+56976543210
José,Fernández,jose.fernandez@mediplus.test,+56965432109
Ana,López,ana.lopez@mediplus.test,+56954321098
Luis,Martínez,luis.martinez@mediplus.test,+56943210987
Carmen,Sánchez,carmen.sanchez@mediplus.test,+56932109876
Francisco,Pérez,francisco.perez@mediplus.test,+56921098765
Isabel,García,isabel.garcia@mediplus.test,+56910987654
Manuel,Hernández,manuel.hernandez@mediplus.test,+56909876543
Rosa,Jiménez,rosa.jimenez@mediplus.test,+56998765432
Antonio,Ruiz,antonio.ruiz@mediplus.test,+56987654323
Teresa,Moreno,teresa.moreno@mediplus.test,+56976543211
Pedro,Muñoz,pedro.munoz@mediplus.test,+56965432100
Dolores,Álvarez,dolores.alvarez@mediplus.test,+56954321089
Ramón,Romero,ramon.romero@mediplus.test,+56943210978
Concepción,Navarro,concepcion.navarro@mediplus.test,+56932109867
Miguel,Torres,miguel.torres@mediplus.test,+56921098756
Pilar,Vázquez,pilar.vazquez@mediplus.test,+56910987645
Andrés,Ramos,andres.ramos@mediplus.test,+56909876534
Josefa,Gil,josefa.gil@mediplus.test,+56998765423
Fernando,Serrano,fernando.serrano@mediplus.test,+56987654312
Antonia,Blanco,antonia.blanco@mediplus.test,+56976543201
Alejandro,Molina,alejandro.molina@mediplus.test,+56965432190
Encarnación,Morales,encarnacion.morales@mediplus.test,+56954321079
Rafael,Ortega,rafael.ortega@mediplus.test,+56943210968
Mercedes,Delgado,mercedes.delgado@mediplus.test,+56932109857
Juan,Castro,juan.castro@mediplus.test,+56921098746
Francisca,Ortiz,francisca.ortiz@mediplus.test,+56910987635
Joaquín,Rubio,joaquin.rubio@mediplus.test,+56909876524
Victoria,Marín,victoria.marin@mediplus.test,+56998765413
