<?xml version="1.0" encoding="UTF-8"?>
<project xmlns="http://maven.apache.org/POM/4.0.0"
    xmlns:xsi="http://www.w3.org/2001/XMLSchema-instance" 
    xsi:schemaLocation="http://maven.apache.org/POM/4.0.0 
         http://maven.apache.org/xsd/maven-4.0.0.xsd">

    <modelVersion>4.0.0</modelVersion>

    <groupId>com.mediplus</groupId>
    <artifactId>api-pruebas-automatizadas</artifactId>
    <version>1.0.0</version>
    <packaging>jar</packaging>

    <name>MediPlus API - Pruebas Automatizadas</name>
    <description>Automatización de Pruebas REST con Reportes Allure</description>

    <developers>
        <developer>
            <name>Antonio B. Arriagada LL.</name>
            <email>anarriag@gmail.com</email>
        </developer>
        <developer>
            <name>Dante Escalona Bustos</name>
            <email>Jacobo.bustos.22@gmail.com</email>
        </developer>
        <developer>
            <name>Roberto Rivas Lopez</name>
            <email>umancl@gmail.com</email>
        </developer>
    </developers>

    <properties>
        <maven.compiler.source>21</maven.compiler.source>
        <maven.compiler.target>21</maven.compiler.target>
        <project.build.sourceEncoding>UTF-8</project.build.sourceEncoding>
        <project.reporting.outputEncoding>UTF-8</project.reporting.outputEncoding>

        <!-- Versiones -->
        <junit.version>5.10.1</junit.version>
        <rest-assured.version>5.3.2</rest-assured.version>
        <jackson.version>2.15.3</jackson.version>
        <slf4j.version>2.0.9</slf4j.version>
        <logback.version>1.4.14</logback.version>
        <maven-surefire.version>3.2.2</maven-surefire.version>
        
        <!-- Allure - VERSIONES COMPATIBLES -->
        <allure.version>2.24.0</allure.version>
        <aspectj.version>1.9.20</aspectj.version>
    </properties>

    <dependencies>
        <!-- REST Assured -->
        <dependency>
            <groupId>io.rest-assured</groupId>
            <artifactId>rest-assured</artifactId>
            <version>${rest-assured.version}</version>
        </dependency>

        <dependency>
            <groupId>io.rest-assured</groupId>
            <artifactId>json-schema-validator</artifactId>
            <version>${rest-assured.version}</version>
        </dependency>

        <!-- JUnit 5 -->
        <dependency>
            <groupId>org.junit.jupiter</groupId>
            <artifactId>junit-jupiter</artifactId>
            <version>${junit.version}</version>
            <scope>test</scope>
        </dependency>

        <!-- Jackson para JSON -->
        <dependency>
            <groupId>com.fasterxml.jackson.core</groupId>
            <artifactId>jackson-databind</artifactId>
            <version>${jackson.version}</version>
        </dependency>

        <!-- Logging -->
        <dependency>
            <groupId>org.slf4j</groupId>
            <artifactId>slf4j-api</artifactId>
            <version>${slf4j.version}</version>
        </dependency>

        <dependency>
            <groupId>ch.qos.logback</groupId>
            <artifactId>logback-classic</artifactId>
            <version>${logback.version}</version>
        </dependency>

        <!-- ALLURE - CONFIGURACIÓN SIMPLIFICADA -->
        <dependency>
            <groupId>io.qameta.allure</groupId>
            <artifactId>allure-junit5</artifactId>
            <version>${allure.version}</version>
            <scope>test</scope>
        </dependency>

        <dependency>
            <groupId>io.qameta.allure</groupId>
            <artifactId>allure-rest-assured</artifactId>
            <version>${allure.version}</version>
            <scope>test</scope>
        </dependency>

        <!-- AspectJ para Allure (SIN conflictos) -->
        <dependency>
            <groupId>org.aspectj</groupId>
            <artifactId>aspectjweaver</artifactId>
            <version>${aspectj.version}</version>
            <scope>runtime</scope>
        </dependency>

        <!-- AssertJ -->
        <dependency>
            <groupId>org.assertj</groupId>
            <artifactId>assertj-core</artifactId>
            <version>3.24.2</version>
            <scope>test</scope>
        </dependency>
    </dependencies>

    <build>
        <finalName>${project.artifactId}</finalName>
        
        <plugins>
            <!-- Compiler Plugin -->
            <plugin>
                <groupId>org.apache.maven.plugins</groupId>
                <artifactId>maven-compiler-plugin</artifactId>
                <version>3.11.0</version>
                <configuration>
                    <source>21</source>
                    <target>21</target>
                    <encoding>UTF-8</encoding>
                </configuration>
            </plugin>

            <!-- Surefire Plugin con Allure SIMPLIFICADO -->
            <plugin>
                <groupId>org.apache.maven.plugins</groupId>
                <artifactId>maven-surefire-plugin</artifactId>
                <version>${maven-surefire.version}</version>
                <configuration>
                    <includes>
                        <include>**/*Test.java</include>
                        <include>**/*Tests.java</include>
                        <include>**/*Prueba.java</include>
                        <include>**/*Pruebas.java</include>
                    </includes>
                    
                    <!-- Configuración básica -->
                    <useFile>true</useFile>
                    <printSummary>true</printSummary>
                    <forkCount>1</forkCount>
                    <reuseForks>true</reuseForks>
                    
                    <!-- Propiedades para Allure -->
                    <systemPropertyVariables>
                        <file.encoding>UTF-8</file.encoding>
                        <allure.results.directory>${project.build.directory}/allure-results</allure.results.directory>
                    </systemPropertyVariables>
                    
                    <!-- ArgLine SIMPLIFICADO para Allure -->
                    <argLine>
                        -javaagent:"${settings.localRepository}/org/aspectj/aspectjweaver/${aspectj.version}/aspectjweaver-${aspectj.version}.jar"
                        -Dfile.encoding=UTF-8
                        -Xmx1024m
                    </argLine>
                </configuration>
                <dependencies>
                    <dependency>
                        <groupId>org.aspectj</groupId>
                        <artifactId>aspectjweaver</artifactId>
                        <version>${aspectj.version}</version>
                    </dependency>
                </dependencies>
            </plugin>

            <!-- Allure Maven Plugin SIMPLIFICADO -->
            <plugin>
                <groupId>io.qameta.allure</groupId>
                <artifactId>allure-maven</artifactId>
                <version>2.12.0</version>
                <configuration>
                    <reportVersion>${allure.version}</reportVersion>
                    <resultsDirectory>${project.build.directory}/allure-results</resultsDirectory>
                    <reportDirectory>${project.build.directory}/allure-report</reportDirectory>
                </configuration>
            </plugin>

            <!-- JAR Plugin -->
            <plugin>
                <groupId>org.apache.maven.plugins</groupId>
                <artifactId>maven-jar-plugin</artifactId>
                <version>3.3.0</version>
                <configuration>
                    <archive>
                        <manifest>
                            <addClasspath>true</addClasspath>
                            <mainClass>com.mediplus.pruebas.analisis.EjecutorAnalisisMetricas</mainClass>
                        </manifest>
                    </archive>
                </configuration>
            </plugin>

            <!-- Assembly Plugin -->
            <plugin>
                <groupId>org.apache.maven.plugins</groupId>
                <artifactId>maven-assembly-plugin</artifactId>
                <version>3.6.0</version>
                <configuration>
                    <descriptorRefs>
                        <descriptorRef>jar-with-dependencies</descriptorRef>
                    </descriptorRefs>
                    <archive>
                        <manifest>
                            <mainClass>com.mediplus.pruebas.analisis.EjecutorAnalisisMetricas</mainClass>
                        </manifest>
                    </archive>
                </configuration>
                <executions>
                    <execution>
                        <id>make-assembly</id>
                        <phase>package</phase>
                        <goals>
                            <goal>single</goal>
                        </goals>
                    </execution>
                </executions>
            </plugin>

            <!-- Jacoco SIMPLIFICADO -->
            <plugin>
                <groupId>org.jacoco</groupId>
                <artifactId>jacoco-maven-plugin</artifactId>
                <version>0.8.11</version>
                <executions>
                    <execution>
                        <goals>
                            <goal>prepare-agent</goal>
                        </goals>
                    </execution>
                    <execution>
                        <id>report</id>
                        <phase>test</phase>
                        <goals>
                            <goal>report</goal>
                        </goals>
                    </execution>
                </executions>
            </plugin>

            <!-- Javadoc Plugin -->
            <plugin>
                <groupId>org.apache.maven.plugins</groupId>
                <artifactId>maven-javadoc-plugin</artifactId>
                <version>3.6.0</version>
                <configuration>
                    <encoding>UTF-8</encoding>
                    <doclint>none</doclint>
                    <quiet>true</quiet>
                </configuration>
            </plugin>

        </plugins>
    </build>

    <!-- Perfiles con Allure -->
    <profiles>
        <!-- Perfil por defecto -->
        <profile>
            <id>desarrollo</id>
            <activation>
                <activeByDefault>true</activeByDefault>
            </activation>
            <properties>
                <api.base.url>https://dummyjson.com</api.base.url>
                <test.timeout>10000</test.timeout>
            </properties>
        </profile>

        <!-- Perfil para reportes completos con Allure -->
        <profile>
            <id>reportes-allure</id>
            <build>
                <plugins>
                    <plugin>
                        <groupId>io.qameta.allure</groupId>
                        <artifactId>allure-maven</artifactId>
                        <executions>
                            <execution>
                                <id>allure-report</id>
                                <phase>post-integration-test</phase>
                                <goals>
                                    <goal>report</goal>
                                </goals>
                            </execution>
                        </executions>
                    </plugin>
                </plugins>
            </build>
        </profile>

        <!-- Perfil sin Allure (para debugging) -->
        <profile>
            <id>sin-allure</id>
            <build>
                <plugins>
                    <plugin>
                        <groupId>org.apache.maven.plugins</groupId>
                        <artifactId>maven-surefire-plugin</artifactId>
                        <configuration>
                            <!-- Sin AspectJ ni Allure -->
                            <argLine>-Dfile.encoding=UTF-8 -Xmx1024m</argLine>
                        </configuration>
                    </plugin>
                </plugins>
            </build>
        </profile>
    </profiles>

</project>